CustomerID,amount
12747,2091.4000129699707
12820,170.46000218391418
12821,92.71999979019165
12823,1224.000015258789
12824,397.1200008392334
12827,430.14999306201935
12828,1018.7099915742874
12831,215.04999804496765
12832,383.029997587204
12833,417.3800003528595
12834,312.3799934387207
12836,2112.529980123043
12837,134.10000002384186
12838,390.7900003194809
12842,310.72999706864357
12844,325.9599968492985
12845,354.09000247716904
12847,871.5399957001209
12849,704.5000041723251
12851,135.17999966442585
12855,38.100000858306885
12857,1106.3999872207642
12864,147.119997382164
12868,1358.99999666214
12871,380.6399954557419
12872,599.9700033664703
12873,373.9999942779541
12875,293.7600030899048
12877,682.039992928505
12881,297.9999990463257
12882,1463.0399885177612
12883,703.4699968099594
12884,309.0499963760376
12890,380.46999806165695
12891,331.0000017285347
12893,188.139996945858
12897,216.50000381469727
12902,138.68000149726868
12904,509.5800014436245
12906,2919.80997633934
12910,2616.579996109009
12912,1662.2999925613403
12913,866.3899817466736
12915,199.64999866485596
12917,593.9999771118164
12920,164.2299992442131
12922,405.37999629974365
12923,176.9699991941452
12925,694.0499975681305
12928,780.0399868488312
12937,428.22999182343483
12938,114.13999962806702
12939,7228.320192337036
12942,396.51999855041504
12944,286.94999980926514
12945,462.950003862381
12950,1842.9999837875366
12953,329.8499994277954
12956,108.07000064849854
12962,266.38999819755554
12965,771.909992814064
12966,160.17999935150146
12968,135.94999980926514
12970,23.799999356269836
12974,144.79999828338623
12976,738.6000116765499
12977,39.239999651908875
12981,372.2200047969818
12984,97.49999952316284
12988,535.319996714592
12990,263.89999628067017
12991,503.75999960303307
12993,372.3999981880188
12999,455.8799973130226
13000,458.5299965143204
13002,120.94999980926514
13003,149.04999995231628
13006,81.56999897956848
13011,50.549999713897705
13015,1763.0399951934814
13016,789.8900029659271
13017,204.0
13023,689.8999946117401
13027,3840.000057220459
13029,382.5
13030,427.73999613523483
13033,190.55000162124634
13034,165.8600014448166
13037,881.0699927806854
13038,591.7600047588348
13040,676.9899967312813
13044,560.4699885845184
13045,305.2799961864948
13046,197.7199981212616
13049,153.7799994945526
13052,348.15000063180923
13058,271.3999900817871
13059,183.40000081062317
13060,307.52999782562256
13061,248.60999941825867
13062,346.9799962043762
13064,659.2499956786633
13065,205.86000049114227
13067,115.45999872684479
13068,164.9999976158142
13070,228.79999160766602
13072,177.14999914169312
13075,919.6099915504456
13077,577.4399982392788
13079,220.09999561309814
13080,58.080000042915344
13083,303.7499986886978
13095,74.39999914169312
13099,207.3600082397461
13101,101.18999719619751
13103,243.9400007724762
13104,213.71999645233154
13108,350.05999994277954
13117,751.3699980080128
13120,30.59999942779541
13122,922.3899972438812
13124,2574.1199982464314
13127,259.16999864578247
13130,64.0
13132,77.2999997138977
13133,109.79999732971191
13135,3096.000123023987
13138,386.84999775886536
13140,159.50999975204468
13142,307.08999344706535
13144,110.95000076293945
13146,228.90999928116798
13147,712.7999725341797
13149,882.8999963998795
13153,486.22000324726105
13155,569.1999995410442
13158,562.8300006985664
13160,91.80000162124634
13161,112.75
13165,354.63999938964844
13167,791.329985499382
13169,505.19999599456787
13170,116.00999915599823
13173,165.93999736011028
13174,2108.269991248846
13176,492.83999437093735
13177,282.4499979019165
13178,2719.1999874413013
13182,121.17999842762947
13183,1829.260013103485
13185,71.39999771118164
13187,236.01999878883362
13188,114.60000228881836
13189,260.6799944639206
13192,911.9399878680706
13193,117.88000094890594
13194,60.700000286102295
13196,1586.9500007629395
13200,870.089986115694
13203,309.8600014448166
13207,250.25999927520752
13210,353.4800000190735
13211,110.69999837875366
13216,333.7400074005127
13218,62.63999933004379
13220,819.2899834811687
13221,847.4099887609482
13223,163.19999599456787
13226,108.20999836921692
13227,257.69999980926514
13228,357.99999237060547
13229,160.94999861717224
13232,1048.2999990284443
13233,304.24000084400177
13240,442.40999603271484
13242,270.3999900817871
13243,600.0700008273125
13244,121.73999917507172
13245,430.4999964237213
13247,501.12000012397766
13248,465.67999854683876
13249,711.4099926352501
13253,476.47999930381775
13258,224.61999702453613
13259,292.31999714672565
13260,557.6199946403503
13261,944.0999927520752
13262,200.2899992465973
13263,4285.689966648817
13265,1465.6599826812744
13270,590.0000095367432
13272,276.5599980354309
13273,138.9799993187189
13276,590.9299938678741
13277,258.39999771118164
13278,542.7299921810627
13280,699.3599954247475
13283,93.65999937057495
13285,1970.0999867022038
13291,361.11000081151724
13292,249.56999945640564
13294,873.7399899363518
13296,87.3999999165535
13297,2089.8499841690063
13298,360.0
13299,142.49999856948853
13301,480.89999854564667
13302,63.75
13304,300.4199985265732
13305,640.2500042915344
13307,15.0
13309,546.6399967968464
13311,598.5700008422136
13313,609.7399970889091
13318,640.7599973678589
13321,567.3600044250488
13322,199.4800009727478
13323,787.8499879837036
13325,675.3000026345253
13328,1308.479987859726
13330,728.2199954986572
13332,350.8999991416931
13334,2731.8399728238583
13336,795.1199991703033
13339,860.1199934482574
13340,9229.540007829666
13341,775.8499989509583
13344,1656.1500000953674
13347,341.3599953651428
13348,233.7599973678589
13349,247.32000076770782
13351,373.93999576568604
13354,743.5299948453903
13355,674.6999957561493
13356,768.2399979829788
13357,609.949996471405
13358,439.02999168634415
13363,992.4999901652336
13366,56.15999794006348
13368,623.3999950885773
13372,378.63999795913696
13373,2055.5799973011017
13376,1019.7599947452545
13379,572.5599986314774
13382,222.989999294281
13385,534.5699936747551
13389,580.1499968767166
13390,544.0799946784973
13391,59.79999923706055
13395,307.7199962735176
13398,457.3399936258793
13402,308.28000020980835
13403,75.0
13404,217.80999994277954
13405,557.449991941452
13411,213.5499997138977
13414,1390.4999992847443
13416,712.4999904632568
13417,235.99999618530273
13419,221.05999192595482
13425,1174.649993211031
13427,464.8599962890148
13428,218.4699982404709
13429,1006.7999732494354
13431,1269.0999920368195
13434,534.2399990558624
13436,196.89000144600868
13437,3408.0599937438965
13439,283.7099988460541
13441,296.6400020122528
13449,291.8799954652786
13450,1727.2800115942955
13452,590.0
13453,356.9799952507019
13460,183.43999600410461
13461,1444.9999990463257
13464,674.6799986064434
13467,1083.7099918425083
13470,164.9999976158142
13471,2531.579986780882
13474,229.58999928832054
13475,1431.7799968719482
13482,184.63999962806702
13483,140.34000039100647
13484,313.7999973297119
13485,454.23999786376953
13486,1122.4099956154823
13487,408.79999801516533
13489,287.04000306129456
13491,1031.6299884915352
13494,316.2599973678589
13502,189.15999698638916
13503,216.849996894598
13504,295.92999640107155
13507,2479.159981995821
13508,110.96999788284302
13509,665.019996702671
13512,251.20999717712402
13513,205.09999799728394
13514,152.2000026702881
13515,891.119999140501
13516,620.4100024700165
13518,659.4399976730347
13521,1093.6499925777316
13522,125.7999997138977
13524,680.1799991130829
13525,282.8800048828125
13529,307.76000356674194
13531,483.79999446868896
13532,210.30999866127968
13533,270.7899990975857
13536,3448.289960861206
13538,714.899995803833
13544,122.90999829769135
13546,418.28000020980835
13548,682.4099985659122
13551,91.79999828338623
13555,4149.279965668917
13557,240.68000155687332
13558,605.0599974393845
13560,174.3699979186058
13561,141.8599974513054
13562,1799.329962015152
13563,777.5299983024597
13565,110.18000113964081
13566,874.7099971324205
13568,192.84999978542328
13569,118.31999889016151
13570,239.4900018274784
13571,1083.8299948871136
13572,1384.2499887943268
13573,31.770000129938126
13575,732.069995880127
13579,164.69999647140503
13581,117.99999904632568
13583,781.029992222786
13584,142.39999783039093
13589,379.64999628067017
13591,776.229998588562
13592,205.50999879837036
13594,396.96999836713076
13596,697.0399956405163
13600,219.51999673247337
13601,693.3199917972088
13602,428.8899939060211
13603,164.33999848365784
13606,250.42000222206116
13607,678.0099967718124
13614,794.9799987971783
13617,544.1799990534782
13618,177.34000074863434
13621,213.84999987483025
13626,257.2300007343292
13629,3665.999913215637
13634,625.4099932312965
13635,1071.0299925804138
13637,810.499996304512
13638,122.64000001549721
13639,1033.3399982452393
13642,354.79999509453773
13643,519.4399915039539
13645,252.09999990463257
13649,346.5999960899353
13651,94.20000076293945
13652,638.2399954795837
13654,1714.27000066638
13655,932.9699934720993
13656,379.64999955892563
13657,152.3399964272976
13663,189.46999990940094
13666,64.05000019073486
13667,305.01999709010124
13669,218.5500027537346
13670,349.70000100135803
13673,396.91999757289886
13675,486.8199965953827
13678,232.59999734163284
13681,827.8299936652184
13682,59.5
13685,3119.439966261387
13686,72.00000047683716
13689,909.9999809265137
13690,172.24999809265137
13695,2096.9499790668488
13697,151.29999938607216
13699,308.5799939632416
13700,1245.8000006973743
13703,99.49999809265137
13705,318.1399998664856
13706,330.7899990081787
13707,806.4099946022034
13708,296.8799959719181
13710,180.47999620437622
13711,252.05999702215195
13712,228.84000205993652
13716,138.28000128269196
13718,306.5500003397465
13719,589.2299979925156
13720,799.9000008106232
13721,524.1399989128113
13723,199.84999823570251
13726,1079.6599733829498
13727,333.4799962043762
13728,635.0799908638
13730,752.599996805191
13731,610.5899985432625
13732,491.8599998950958
13737,339.59999644756317
13739,216.8999948501587
13740,350.74999713897705
13744,893.1599951386452
13747,79.5999984741211
13748,580.8499927520752
13750,991.1900057792664
13751,296.2499949038029
13752,1186.279995650053
13753,741.2599992156029
13754,282.6000032424927
13758,2351.519979983568
13759,659.4099969863892
13760,135.09000119566917
13761,1070.6499913930893
13764,499.88999834656715
13772,686.21999335289
13774,345.0000021457672
13778,178.69999635219574
13780,360.0100022852421
13781,127.8399977684021
13782,361.2999949455261
13784,1632.389987707138
13786,230.39999794960022
13787,106.40000009536743
13790,348.7999929189682
13792,74.60000133514404
13799,688.85999751091
13800,558.3200018703938
13801,324.7999997138977
13803,277.0700001716614
13804,1355.1099981069565
13805,924.6000072956085
13806,256.3799967765808
13807,112.5999984741211
13808,1747.6599975824356
13819,1140.349998474121
13821,385.63999938964844
13822,631.9999900609255
13823,957.6599886715412
13824,1429.839993238449
13827,412.04999870061874
13828,209.49000000953674
13831,1097.9899853467941
13833,384.79999697208405
13835,742.9099950790405
13837,271.24000123143196
13838,238.1099978685379
13841,85.00000238418579
13842,1828.46999502182
13844,361.6199998855591
13845,312.9799973964691
13848,934.9999845027924
13849,1537.9499931633472
13851,1353.279988437891
13858,216.16999864578247
13859,201.1599977016449
13865,383.3399980068207
13866,145.67000246047974
13867,592.8399971723557
13868,3192.5399422049522
13869,1584.9599886834621
13874,540.4499974250793
13875,1424.7999867200851
13876,122.69999694824219
13877,117.24000263214111
13878,1281.5299935340881
13880,1026.6300020217896
13885,506.79999804496765
13886,243.55999970436096
13887,349.5499951839447
13888,605.6299979686737
13889,416.899986743927
13892,54.51999807357788
13893,821.0999960899353
13897,311.1600024700165
13898,155.92999982833862
13899,298.50000190734863
13900,740.94999563694
13901,2209.390007019043
13904,201.12000063061714
13911,2437.6299899220467
13917,272.0399971008301
13918,198.2000002861023
13922,172.24999970197678
13923,351.12999880313873
13926,223.8500010073185
13927,348.98999574780464
13928,464.56999802589417
13930,337.34000062942505
13932,307.3999981880188
13933,608.7899923324585
13934,922.0999999046326
13937,158.85000085830688
13938,71.65999960899353
13940,839.1399980783463
13946,485.9699938297272
13947,90.59999942779541
13948,102.00000095367432
13949,2427.3199943602085
13951,674.4499958753586
13953,1750.0
13955,322.960000872612
13956,680.2699980735779
13959,337.439999461174
13960,230.21999883651733
13962,117.59999895095825
13963,664.5399980545044
13967,80.69999885559082
13972,190.24999874830246
13973,264.6999994814396
13974,413.58999729156494
13976,357.97999906539917
13978,196.7899963259697
13979,869.8699876666069
13980,200.13999915122986
13986,320.45999693870544
13989,1266.0800056159496
13990,311.2999963760376
13992,76.80000019073486
13994,2313.13997900486
14002,529.7299949526787
14004,2196.359981775284
14005,977.6800094842911
14006,662.0899922847748
14012,328.8000011444092
14013,473.0200003385544
14014,505.17999106645584
14015,917.340000629425
14020,642.799998909235
14021,631.8999917507172
14022,439.99999663233757
14023,273.13999938964844
14024,327.6999945640564
14027,104.81999921798706
14029,467.65999698638916
14030,1435.0200001001358
14035,700.5800068378448
14036,626.6499916315079
14037,111.79999899864197
14039,152.20000171661377
14041,141.4099986255169
14044,345.1799982190132
14045,1251.749983906746
14046,154.98999536037445
14050,746.3600009977818
14052,225.3599987924099
14053,260.24999499320984
14054,92.4599986076355
14055,725.6400113105774
14059,183.59999990463257
14062,4834.629969894886
14066,152.54999828338623
14067,374.69999596476555
14068,265.84999990463257
14075,307.9199977517128
14076,122.47000031173229
14077,310.3999989628792
14078,583.9799914956093
14079,375.09999492764473
14080,45.600000858306885
14082,182.24999845027924
14083,489.46999552845955
14089,161.00000023841858
14090,76.31999588012695
14093,442.84999364614487
14098,147.34999753534794
14100,194.89999824762344
14101,4159.389990568161
14104,216.21000138670206
14114,386.5300052165985
14116,1382.739995956421
14117,90.0
14124,419.5799913108349
14125,2740.4299853146076
14127,452.22999453544617
14128,305.539997369051
14129,726.2299921512604
14130,483.8599984943867
14135,2121.259976476431
14138,982.3799854516983
14139,415.8199979066849
14142,311.80999878048897
14143,115.7999997138977
14148,157.19999885559082
14150,306.18000265955925
14154,1345.6199959516525
14155,118.74999761581421
14158,507.6599933207035
14161,1110.519992262125
14162,289.3600001335144
14163,2445.9099639058113
14164,1631.7699930667877
14165,122.53999903798103
14167,402.0999987125397
14171,363.7899984717369
14173,243.80999904870987
14174,134.4600003361702
14178,1620.9299773201346
14179,719.7799948751926
14184,452.8900001049042
14185,197.64999961853027
14193,422.5399988889694
14196,335.5199956893921
14199,185.39999723434448
14204,161.02999728918076
14208,151.74000054597855
14212,1070.4800112247467
14216,1839.2999776601791
14218,169.47999835014343
14219,89.93999898433685
14220,632.3999977111816
14222,683.169998049736
14224,863.4999940991402
14234,775.4599958956242
14236,189.29999351501465
14237,161.00000143051147
14238,146.84999895095825
14240,226.8499960899353
14241,213.70000076293945
14242,280.55000042915344
14246,1474.0599910020828
14247,136.76999962329865
14248,302.5799996852875
14250,1904.0499767959118
14251,2879.6999735832214
14259,119.99999833106995
14261,1163.4500000476837
14262,1379.2999991476536
14270,492.6499972343445
14271,112.31999862194061
14272,132.08999919891357
14273,450.0499863624573
14280,134.03999745845795
14282,1809.180000424385
14285,1910.009985923767
14289,832.7799904346466
14293,508.0199942588806
14300,43.19999980926514
14307,1694.9799910783768
14312,854.5899980068207
14314,120.00000035762787
14317,508.5799994468689
14321,626.9299930334091
14327,311.65000104904175
14331,462.6599974632263
14332,866.3099942803383
14336,1114.3899970054626
14340,134.7000002861023
14344,645.8800008893013
14345,108.97999811172485
14346,1021.5799906253815
14348,409.56999921798706
14349,133.49999928474426
14351,51.0
14352,1078.9600027799606
14353,90.6000006198883
14354,163.62000060081482
14355,174.40000009536743
14357,225.76999920606613
14360,2128.229990720749
14362,161.19999939203262
14364,3717.349940419197
14368,154.99999856948853
14371,100.49999856948853
14373,76.55000066757202
14375,257.68000039458275
14377,617.0499973297119
14379,110.97999972105026
14381,202.68000090122223
14382,626.0699906051159
14383,1247.6899930536747
14385,202.10999703407288
14386,142.40000009536743
14387,1770.55998057127
14393,67.95000076293945
14396,110.34999942779541
14406,156.7499988079071
14408,2298.309965312481
14411,1062.9999866485596
14413,122.69999998807907
14416,490.21999311447144
14418,1937.249998241663
14419,307.5599966943264
14421,813.1099838018417
14422,1032.1499893665314
14423,265.19999599456787
14424,322.0800018310547
14427,363.3400014638901
14432,2255.50998903811
14434,1372.8000144958496
14436,89.05999898910522
14438,131.9000027179718
14440,1185.709992647171
14446,685.21999964118
14447,601.030002117157
14448,102.35000097751617
14449,401.3000000715256
14450,483.2499937713146
14451,662.5899969339371
14452,264.43999963998795
14453,119.92999950051308
14457,113.63999831676483
14459,1837.9199976921082
14461,2103.059993803501
14463,529.6199865341187
14465,1058.6199734807014
14466,1035.6499905586243
14467,131.6999995112419
14470,297.63999873399734
14472,1529.6299890875816
14473,85.0
14476,215.70000040531158
14479,316.25000071525574
14480,279.0499949455261
14481,636.5100032091141
14482,465.94998610019684
14484,321.9200004339218
14485,165.7499989271164
14489,463.3799934387207
14491,127.2000002861023
14494,139.56000065803528
14495,123.79999589920044
14496,538.8100028038025
14498,313.2399957180023
14499,370.95999750494957
14500,356.84999561309814
14503,3543.2599647045135
14504,542.7099943161011
14506,566.8599961996078
14508,276.41999739408493
14512,275.2800009250641
14514,403.10999512672424
14515,1349.069984614849
14517,330.4499969482422
14518,174.3699996471405
14520,164.9999976158142
14522,974.5399987399578
14523,241.08999708294868
14524,777.5799952149391
14528,364.2200030386448
14529,620.0399951413274
14530,2021.26999938488
14532,932.8499835878611
14536,171.7999985218048
14537,355.56000423431396
14538,106.5
14539,537.4799965620041
14540,195.89999961853027
14541,1315.6500051021576
14542,103.24999713897705
14544,1121.9199894368649
14548,652.7999877929688
14549,289.2399987578392
14550,765.6200050413609
14551,125.42999947071075
14552,165.07000106573105
14553,312.3199991285801
14554,2381.0399888157845
14555,197.9400029182434
14561,1080.759994506836
14569,227.389998793602
14570,218.0599958896637
14576,35.40000057220459
14577,468.0099948644638
14578,168.62999665737152
14581,138.59999850392342
14582,114.10999977588654
14583,787.6399953141809
14585,157.04999911785126
14589,39.749999046325684
14591,250.2199983894825
14592,570.4599977433681
14593,617.98999453336
14594,255.0000004172325
14595,163.79999899864197
14597,165.100004196167
14598,221.96999743580818
14600,393.3299946784973
14601,213.95999908447266
14603,659.9999904632568
14608,204.0
14609,486.35998778790236
14616,406.0799844264984
14622,320.57999563217163
14624,225.8499998152256
14628,671.9599982500076
14631,630.0799992084503
14632,114.55999994277954
14633,344.8999969959259
14636,300.19000148773193
14638,443.6000032424927
14641,110.4599997997284
14642,96.1199951171875
14645,597.0899977684021
14647,243.21999561786652
14649,903.2999898195267
14651,654.5999999940395
14652,114.17999893426895
14653,344.80999809503555
14656,291.0499990582466
14658,247.14999788999557
14660,285.7400032877922
14661,107.94999754428864
14662,524.8599954843521
14664,637.8899963796139
14666,195.24999895691872
14669,1269.9899977445602
14670,411.5299981534481
14672,765.5499938726425
14673,373.4899970293045
14675,604.7499993145466
14681,498.94999980926514
14682,51.99999809265137
14684,519.2599966824055
14687,628.3799982070923
14689,112.80000030994415
14691,1769.069986820221
14693,172.90000069141388
14697,188.6099979430437
14698,1250.7599966824055
14699,109.12999868392944
14700,1557.5999892950058
14703,318.1699993610382
14704,1546.9099895358086
14705,178.99999618530273
14710,606.1300001367927
14712,917.0699920654297
14714,160.1899973154068
14715,247.44999714195728
14716,329.6799959540367
14720,663.8099935054779
14722,187.91999900341034
14723,470.9999983012676
14725,718.0799967646599
14727,268.58000659942627
14729,313.48999708890915
14730,904.2099930346012
14731,380.0199983716011
14737,433.9999997615814
14741,495.3000054359436
14752,389.64000606536865
14753,563.1499955654144
14754,228.27000027894974
14756,738.9599952101707
14757,420.50000190734863
14758,1484.059984356165
14759,870.8499932289124
14761,97.5
14762,300.51999577879906
14765,254.10999700427055
14770,876.4200004339218
14772,139.25999927520752
14775,406.5599935054779
14778,334.0499997138977
14779,386.15000170469284
14780,447.68000090122223
14782,200.09999895095825
14784,114.6800012588501
14785,77.40000128746033
14788,679.439990490675
14789,197.64000058174133
14790,364.03999614715576
14795,131.4499969482422
14798,97.40000033378601
14799,157.69999945163727
14801,193.13999764621258
14803,845.5499892234802
14804,353.26999855041504
14805,109.24999904632568
14806,193.38999435305595
14810,1278.699998497963
14813,155.42999631166458
14815,778.499995470047
14816,271.8499994277954
14817,1110.3400004506111
14818,409.62999749183655
14819,272.0699987411499
14820,507.2900000810623
14821,48.79999923706055
14823,321.42999762296677
14824,1127.7099690437317
14825,1025.8699998259544
14828,2139.760020494461
14830,197.1299970448017
14836,102.4500002861023
14840,62.84999942779541
14841,2375.5699766278267
14844,3189.809948325157
14847,309.39999866485596
14851,206.12999773025513
14852,2188.4200053215027
14855,645.6500008106232
14856,1311.3799811601639
14861,125.78999698162079
14862,841.1999995708466
14863,266.7600030899048
14865,37.19999957084656
14870,327.2499976158142
14871,248.59999585151672
14873,519.6799974441528
14878,962.7699940800667
14880,363.2699990272522
14881,255.39999842643738
14882,589.6999988555908
14885,765.3200006484985
14886,364.79999685287476
14887,1861.9999647140503
14888,369.2000024318695
14889,135.89999842643738
14890,125.65000081062317
14891,554.3799912929535
14893,1237.8499804586172
14894,655.749992609024
14896,468.76999467611313
14897,175.5
14904,1025.4399859458208
14908,277.79999828338623
14913,917.1499970853329
14918,1610.1499817371368
14920,977.7699921131134
14921,1316.0699933171272
14923,749.0999987125397
14924,310.050000667572
14929,223.88000011444092
14946,100.9000015258789
14947,290.819997549057
14951,311.68999695777893
14953,289.81999680399895
14954,336.1700006723404
14957,58.48999935388565
14958,499.67999330163
14960,221.2699966430664
14962,126.70000076293945
14963,1487.7999955564737
14964,206.20999318361282
14965,598.9999967813492
14966,191.31999772787094
14967,463.7999954223633
14968,147.5899989940226
14970,1119.7499990463257
14971,1116.5699913799763
14972,114.76999893784523
14973,1314.4500042200089
14974,114.38999819755554
14975,279.93999761343
14978,1537.2799774706364
14981,102.11999821662903
14984,213.2699994444847
14985,296.7499968409538
14987,163.1999969482422
14988,334.539999127388
14995,119.30999985337257
14998,429.86999663710594
15000,490.5199974179268
15002,1147.5899971723557
15004,1246.3199897408485
15006,502.08999821543694
15007,156.9099966287613
15009,1261.7799924910069
15010,308.94000220298767
15012,191.0599980056286
15014,260.1699994802475
15016,170.03999906778336
15017,125.57999742031097
15019,265.99999752640724
15022,905.0399911105633
15024,688.0899978876114
15025,377.00999718904495
15026,230.78000044822693
15028,185.96999788284302
15030,152.7599959373474
15031,261.7899999022484
15035,252.72999840974808
15036,465.54999519884586
15041,180.34999984502792
15042,135.93000030517578
15043,536.9999885559082
15047,343.6199984550476
15049,121.17000341415405
15051,1391.609993711114
15052,215.7800018787384
15053,478.5999975204468
15054,302.09999719262123
15057,1489.4999966025352
15058,1011.3099928200245
15060,303.0899976491928
15062,814.0399990677834
15063,370.7999954223633
15067,848.0500018596649
15068,239.95999912917614
15069,1109.5299894809723
15070,106.20000171661377
15071,588.6699910163879
15074,748.8699977397919
15075,773.0299990177155
15076,880.8499965667725
15083,88.20000100135803
15087,306.94000148773193
15089,2420.8399784862995
15090,381.3199985027313
15092,457.80999279022217
15096,219.3899998664856
15097,248.08000004291534
15099,410.4799975156784
15103,703.360000282526
15105,2298.9300080537796
15111,288.4999933242798
15114,1162.8699927926064
15115,340.1100015640259
15116,1202.7499917149544
15118,244.80000257492065
15119,266.4000005722046
15121,295.1499981880188
15123,1069.4699932336807
15124,184.18999922275543
15127,406.52999472618103
15129,2490.7300068438053
15130,330.1100001335144
15132,842.2299965620041
15133,982.4200023412704
15134,897.5499978065491
15139,178.96000266075134
15142,498.7399982511997
15143,259.44999900460243
15145,724.0299994945526
15148,301.2899995446205
15149,520.799994468689
15153,329.2499969005585
15156,961.4899954795837
15158,401.40000092983246
15160,158.1600000858307
15163,304.4699949026108
15164,368.1799992918968
15165,487.74999809265137
15167,162.99999916553497
15168,106.5599992275238
15172,1247.949988991022
15174,135.74999868869781
15175,224.13999843597412
15178,40.50000071525574
15180,87.50000071525574
15182,622.8499925136566
15184,406.7599972784519
15185,310.6199975013733
15186,411.4099962711334
15192,737.9899863600731
15193,499.31999158859253
15195,3861.0
15198,193.6400009393692
15199,657.1499853134155
15203,994.879985705018
15204,316.5799973011017
15206,236.69999742507935
15210,331.18000078201294
15211,383.0699977874756
15214,1061.3499907255173
15216,96.59999799728394
15218,2447.599982857704
15219,305.7499990463257
15222,585.000011920929
15225,409.3999946117401
15226,154.40999722480774
15227,876.8199992477894
15230,429.5999929010868
15232,612.0600044727325
15234,196.99999964237213
15235,2247.509986013174
15236,321.0500017404556
15237,1328.720001846552
15243,316.6800014078617
15244,297.9400010704994
15245,2515.8399865031242
15246,514.149995803833
15247,355.99999618530273
15252,740.7799918055534
15254,300.3599951863289
15255,890.8499954938889
15256,98.4499979019165
15258,623.1599924564362
15261,254.81999957561493
15262,178.95000171661377
15263,156.5099993944168
15264,393.7399916648865
15265,1506.1199967861176
15266,119.29999732971191
15267,1717.3599872589111
15269,408.7999954223633
15272,721.9399944245815
15274,716.5699985027313
15276,135.30999931693077
15277,255.89999762177467
15280,113.12000182271004
15286,240.54999923706055
15288,1623.9999924898148
15292,180.93999868631363
15300,496.44000339508057
15303,574.0199983119965
15306,1174.349990695715
15307,205.29999685287476
15313,51.99999809265137
15314,327.96999764442444
15316,164.9999976158142
15318,312.61999702453613
15319,204.49999567866325
15320,267.1299971342087
15325,162.2899987101555
15326,311.7099968492985
15327,208.75000301003456
15330,714.9599815011024
15333,1028.5600147247314
15334,351.6700009405613
15335,173.96999952197075
15341,2020.519986152649
15343,364.4999952316284
15346,252.41999781131744
15347,201.5999984741211
15348,158.03999841213226
15349,473.80999824404716
15350,115.64999485015869
15353,777.019992440939
15355,277.04999256134033
15356,1201.8099927902222
15360,427.9299986362457
15361,418.91998529434204
15364,913.1899974346161
15366,105.53999951481819
15368,446.9399871826172
15372,2007.400012254715
15374,168.00000143051147
15376,989.0200022757053
15381,596.8500108718872
15385,316.8799983561039
15386,394.13999605178833
15389,500.0
15393,124.09999632835388
15394,1436.4399905204773
15395,107.4499979019165
15396,288.1799991130829
15397,93.99999904632568
15399,815.7699912786484
15402,626.7699897587299
15405,349.09999135136604
15407,740.7299956679344
15408,267.17999935150146
15410,3450.839955806732
15412,190.52999901771545
15414,36.19999933242798
15415,572.8099998831749
15417,508.79998993873596
15419,135.86000001430511
15421,739.359994918108
15422,97.7000002861023
15423,43.500001430511475
15424,383.3399980068207
15427,1483.1399943828583
15428,93.77999997138977
15432,171.18999767303467
15435,149.2899985909462
15436,489.0499943122268
15437,200.1599980890751
15438,156.58000016212463
15440,383.679999768734
15442,593.9999771118164
15444,1418.2599940299988
15445,113.50000047683716
15447,155.1700005531311
15448,494.63999938964844
15450,429.8399975299835
15452,247.24999770522118
15453,1253.0899955034256
15454,179.09999817609787
15456,447.219994276762
15457,237.06999680399895
15458,161.63999891281128
15460,216.7599993944168
15462,234.5999994277954
15463,126.14000010490417
15464,1048.849997997284
15466,334.52999940514565
15471,469.4799955487251
15472,371.5600001439452
15475,454.10999941825867
15478,1441.419980764389
15483,233.80999860167503
15485,1278.6299811303616
15488,91.31999588012695
15492,659.4599968492985
15494,1299.22997879982
15500,1131.5600019693375
15503,147.08999893069267
15504,52.829999566078186
15506,979.2599862217903
15507,492.3599976301193
15508,1000.2699999511242
15510,250.0
15511,909.2299928367138
15512,101.2000002861023
15516,62.4300000667572
15517,267.02999962866306
15520,343.499995470047
15522,398.83999448269606
15523,412.0100009441376
15524,440.0
15526,148.4399971961975
15528,229.33000099658966
15530,1168.7299904227257
15531,2007.4399803876877
15537,110.91999942064285
15539,538.4599977731705
15540,213.29999738931656
15541,85.12999838590622
15543,127.86000037193298
15545,135.3299994468689
15547,2404.529979109764
15550,279.0399971008301
15551,436.0600006580353
15552,90.12000066041946
15553,437.22999581694603
15554,217.19999980926514
15556,279.77000027894974
15557,473.6499960422516
15562,134.55000185966492
15565,173.159996509552
15567,186.009996175766
15568,758.2899968624115
15569,288.50000381469727
15571,650.4299840331078
15572,1555.2899943888187
15573,607.4499961286783
15574,590.1499954611063
15576,940.6699995994568
15577,258.880000859499
15578,127.09999811649323
15579,199.59999680519104
15582,541.5100022554398
15585,455.2999962568283
15587,344.88000297546387
15592,388.58000004291534
15593,199.79999542236328
15599,761.7399970293045
15603,48.4800009727478
15604,216.38999819755554
15605,690.1799919605255
15607,104.76000022888184
15608,1093.679991722107
15610,112.45999956130981
15612,195.14999771118164
15619,336.4000082015991
15623,301.0299949645996
15624,588.1299951076508
15626,281.87999749183655
15634,243.5499963760376
15636,306.6999969482422
15637,223.3599978685379
15639,425.3199955523014
15641,1305.3799983859062
15644,812.9999988675117
15645,612.0099906921387
15649,816.0
15651,227.31999653577805
15652,337.7399971485138
15653,877.4400343894958
15654,922.5299863815308
15656,563.6299979686737
15657,30.0
15659,306.4500002861023
15661,309.8000099658966
15663,138.13999938964844
15665,2242.0099925994873
15667,301.3200001716614
15668,76.31999588012695
15670,173.0499997138977
15673,2104.3899956941605
15675,225.38999861478806
15677,657.229996919632
15678,352.6999931335449
15679,781.2799903601408
15680,478.89000165462494
15683,193.75000095367432
15689,103.49999904632568
15690,239.7599984407425
15691,136.79999828338623
15692,191.04000091552734
15695,409.9800009727478
15699,309.64999997615814
15701,1542.139990016818
15703,211.49999713897705
15704,2293.619974195957
15705,143.0999984741211
15707,945.5799959599972
15709,133.249995470047
15712,766.3099868297577
15714,330.87999525666237
15716,902.4400074183941
15717,150.2999985218048
15720,598.7299962043762
15721,507.079993724823
15723,203.09999704360962
15725,415.24999833106995
15727,3250.869994610548
15732,294.11999931931496
15733,162.29999923706055
15734,1339.4500116407871
15739,449.1200017929077
15740,154.8800013065338
15743,784.4599894881248
15744,34.79999899864197
15747,974.0399888753891
15748,149.30999898910522
15753,79.20000171661377
15756,364.8399980664253
15757,714.419993698597
15758,205.24999570846558
15759,253.03999936580658
15762,583.7500014305115
15766,315.0599958896637
15773,635.680013448
15774,270.7999975681305
15775,104.90000057220459
15776,241.61999797821045
15780,475.2799959182739
15783,246.2999973297119
15787,948.049997150898
15789,351.30000150203705
15790,220.84999895095825
15795,610.0099946856499
15797,1840.1999940872192
15799,481.23999121785164
15800,699.0799945294857
15803,415.8200001716614
15806,521.8799866735935
15807,903.8999910354614
15812,1587.2399831712246
15813,1303.9099916815758
15815,1874.6999819278717
15819,1585.4699878692627
15820,206.97999954223633
15821,570.9599972367287
15822,440.19999557733536
15825,532.9399974346161
15829,636.1399983465672
15832,836.7900002002716
15835,488.3100063800812
15837,391.98000049591064
15843,118.94999885559082
15844,130.74000239372253
15847,180.67999815940857
15850,238.84999711811543
15852,160.71000024676323
15853,110.79999828338623
15854,1584.3899653106928
15855,712.2400025725365
15857,297.0000033378601
15858,816.2199941277504
15860,420.25999850034714
15862,491.00999596714973
15863,68.83999860286713
15865,895.1299924552441
15866,230.53000062704086
15869,149.64000168442726
15870,354.0899946093559
15872,360.929997831583
15883,396.4799963235855
15885,15.0
15886,181.08999967575073
15889,297.9199971854687
15891,524.5199944078922
15894,263.5499948859215
15895,179.16999703645706
15897,222.05000184476376
15899,56.25000023841858
15900,351.1099964380264
15901,363.8799981325865
15904,164.68000090122223
15907,529.5199943110347
15909,191.93999660015106
15910,550.6099969446659
15912,264.6199982762337
15917,123.09999990463257
15918,334.2299973964691
15919,270.7199981212616
15920,167.4999984279275
15921,336.030002117157
15923,127.07999807596207
15925,207.14999961853027
15930,426.62999296188354
15933,1107.45999661088
15935,416.86000657081604
15937,145.34999704360962
15938,335.30000042915344
15942,337.43999695777893
15944,325.09999799728394
15945,181.00000381469727
15947,1708.2399826049805
15948,955.2399950325489
15949,364.7200025320053
15952,581.3999982774258
15957,428.8899917602539
15958,104.35000044107437
15963,470.7599973678589
15965,156.1900008916855
15967,173.79999828338623
15970,314.10000252723694
15971,1818.049985408783
15975,371.01000142097473
15976,430.9399981498718
15977,1054.7299890816212
15978,1098.7799997925758
15980,2398.8599882125854
15981,2458.199971675873
15983,1148.269997537136
15986,168.11999988555908
15987,516.0799832940102
15988,158.03000059723854
15990,401.36999583244324
15992,41.99000072479248
15994,427.0699955224991
16000,12393.699977397919
16003,1180.9999983906746
16005,298.0799989104271
16006,101.40000033378601
16007,1701.9399854242802
16008,330.7099930047989
16009,992.7099947929382
16010,407.49999991059303
16011,990.8399963378906
16012,1415.2899915277958
16017,211.87999892234802
16018,408.89999639987946
16020,851.0099999904633
16022,628.2799962759018
16023,500.68999469280243
16024,251.23999586701393
16025,439.6600008010864
16026,236.08999878168106
16030,331.2400011718273
16031,548.9399914443493
16034,437.69999611377716
16036,758.9199886471033
16037,855.0200026035309
16040,876.1799914836884
16041,3166.4000375270844
16043,676.4899944067001
16045,1340.7000015079975
16049,1111.789993174374
16050,137.89999878406525
16052,362.0599987357855
16053,1511.9499924182892
16054,783.8999986052513
16055,134.7999987602234
16056,664.849996805191
16059,647.6999949216843
16062,578.1799938976765
16063,335.32000064849854
16065,372.09000204503536
16066,1521.8699903786182
16070,852.1500001549721
16071,326.2399972677231
16072,584.3199994564056
16078,79.19999694824219
16079,1351.9999834895134
16081,568.1300003528595
16083,337.98000133037567
16084,436.17999774217606
16085,325.04000040888786
16091,315.059992313385
16093,17.000000476837158
16096,320.6199984550476
16097,185.04999828338623
16098,1010.2999951839447
16099,731.8999840021133
16102,1842.13999158144
16103,1413.139997959137
16104,302.35999965667725
16105,336.95999443531036
16106,108.38000106811523
16107,3204.1599650382996
16109,611.8799915313721
16110,693.9299977123737
16112,136.14000248908997
16113,161.37999892234802
16114,135.74999952316284
16115,931.6799945533276
16117,232.209999024868
16119,423.3600013256073
16121,867.1099927723408
16122,249.83999654650688
16123,307.7799952030182
16125,289.3500019609928
16126,1843.9999709129333
16127,656.2499936819077
16128,694.6999990940094
16131,2278.5000063180923
16135,517.549994468689
16136,159.29999995231628
16139,306.36999464035034
16141,620.3999915122986
16142,535.3399983346462
16144,175.1999969482422
16146,734.1300013065338
16147,374.9999962449074
16148,76.31999588012695
16149,280.52000069618225
16152,1829.039978981018
16153,700.0999950170517
16159,348.2000036239624
16162,37.39999961853027
16169,1822.96998411417
16171,73.20000171661377
16172,1140.2099896669388
16174,1009.5499768257141
16175,1037.5899910926819
16177,331.94999647140503
16178,197.89999866485596
16179,215.82999694347382
16181,305.539999961853
16182,4843.999910354614
16183,338.7099943161011
16185,334.9999966621399
16188,755.0299946069717
16189,215.48000144958496
16190,215.08000326156616
16193,314.4499992132187
16198,400.68099935154896
16200,1080.619993507862
16202,365.26999628543854
16204,405.7099982202053
16205,761.3799951970577
16206,288.75
16207,394.38000071048737
16208,497.58999544382095
16209,2262.620029449463
16210,10593.210198283195
16213,159.00000071525574
16214,1062.7500009536743
16215,242.34999895095825
16216,914.9299879074097
16221,315.37000039219856
16222,846.7199932336807
16224,865.8799909353256
16225,953.639989644289
16226,255.12000131607056
16229,1010.5999858379364
16230,542.0300004482269
16236,432.199994802475
16241,833.9599892497063
16243,409.0999955534935
16244,1522.7499995231628
16247,114.5599984228611
16248,152.9399950504303
16249,1440.7699908912182
16250,389.43999683856964
16257,46.95000076293945
16258,5203.509983569384
16260,1035.4499826431274
16261,562.429992467165
16266,861.8899994194508
16268,667.6499972045422
16270,1141.2399978637695
16272,411.6999878883362
16274,357.94999980926514
16275,559.8699953556061
16276,810.6000022888184
16281,2062.0599839687347
16282,168.30000138282776
16284,823.9699958860874
16287,142.49999511241913
16295,1328.5499979257584
16298,598.1999955177307
16305,361.2199945449829
16308,1599.9999642372131
16311,616.2599940299988
16313,274.1500005722046
16315,226.37000107765198
16317,1341.6499926149845
16318,328.14999771118164
16319,404.39998626708984
16322,326.749999165535
16323,207.50000476837158
16324,428.679999768734
16327,2469.639995455742
16333,13087.199642658234
16337,151.0499987602234
16338,214.79999613761902
16339,109.94999814033508
16340,549.069997638464
16342,322.4099967479706
16343,370.4799956083298
16344,101.09999656677246
16345,575.410001039505
16347,887.649985820055
16348,1050.5399996936321
16349,53.499999195337296
16351,153.90000128746033
16352,494.4399952888489
16353,2155.2799713015556
16354,395.79999589920044
16357,257.9499945640564
16361,896.6599982082844
16363,109.36000037193298
16364,707.0399978160858
16365,489.3599843978882
16366,327.29999965429306
16367,170.90999847650528
16368,497.42999336123466
16369,1553.659997150302
16370,1320.5599926710129
16372,367.9299975037575
16374,156.2999987602234
16377,676.1999863386154
16378,362.9500026702881
16380,1780.5899944007397
16383,309.4600003063679
16384,584.4999990463257
16385,148.22999718785286
16386,61.10000133514404
16387,94.36000061035156
16392,221.1899996995926
16395,967.250001937151
16399,178.40999837219715
16400,303.92999827861786
16402,299.60000121593475
16404,443.04999351501465
16405,167.25000178813934
16407,1060.6099928617477
16409,1039.2700001001358
16411,131.49999928474426
16412,151.8300004005432
16413,262.20000064373016
16414,50.79999923706055
16415,210.34999868273735
16418,368.35999661684036
16423,346.12000036239624
16425,302.69999691843987
16426,328.37000131607056
16427,241.0600021481514
16429,284.55000591278076
16430,300.84999084472656
16431,642.8100042045116
16432,287.4000039100647
16433,184.2599976658821
16434,724.2199954986572
16438,798.3499926626682
16440,1808.8299830257893
16441,210.99999713897705
16442,437.0299968868494
16445,230.50999873876572
16447,259.0099954903126
16448,188.89000117778778
16450,311.9200038909912
16451,266.96999859809875
16455,1133.7799978256226
16456,1576.6100105047226
16457,208.35999870300293
16458,1305.7000037431717
16460,814.7199972271919
16461,151.4199978709221
16464,1314.6800000667572
16466,768.509993314743
16468,74.89999771118164
16469,462.7199959009886
16471,223.94999980926514
16475,459.2999963760376
16477,1552.5099895000458
16478,330.999995470047
16479,300.82999819517136
16480,769.28998285532
16482,220.61999928951263
16483,139.34999859333038
16485,363.6499965786934
16491,731.4999924898148
16494,826.5300086140633
16495,246.51000195741653
16497,1550.6999907493591
16500,165.0
16504,484.37999591231346
16505,777.5999879837036
16506,90.30000114440918
16509,363.699999332428
16510,248.09999775886536
16511,582.6999942064285
16513,874.58999812603
16515,987.6100049614906
16516,101.70000052452087
16517,162.69999885559082
16519,103.69999957084656
16526,290.3599991798401
16527,228.06000232696533
16528,244.4099988937378
16529,455.24999552965164
16531,484.8299978375435
16532,1910.4000091552734
16535,593.749997407198
16539,1053.6099967956543
16542,119.62000036239624
16545,339.2999897003174
16549,119.48999944329262
16551,311.06999492645264
16552,379.7300009727478
16555,285.88999605178833
16556,1638.8199813067913
16557,281.8500003814697
16561,511.119998216629
16563,1077.7400106191635
16565,173.70000076293945
16567,865.5999965667725
16569,124.19999787211418
16574,451.43999910354614
16582,313.62000066041946
16583,233.44999980926514
16586,463.9499969482422
16587,225.15000009536743
16589,459.2400028705597
16591,213.49999570846558
16593,255.49999898672104
16594,181.08999705314636
16595,360.15999494865537
16596,120.64999866485596
16597,90.0400002002716
16600,237.46000015735626
16601,244.7999973297119
16603,482.4699952304363
16610,75.66000008583069
16612,708.8999938964844
16613,618.5899996757507
16614,506.1899938583374
16616,500.4199941754341
16617,151.85000085830688
16620,95.76000046730042
16621,609.4099979400635
16623,129.44999814033508
16624,810.5700054168701
16625,333.08000004291534
16627,322.80000019073486
16629,417.72999516129494
16634,217.90000104904175
16641,231.10000014305115
16643,487.5100004673004
16644,833.7799926400185
16647,214.05999732017517
16650,518.4200006723404
16655,1230.69999229908
16657,446.1099958717823
16658,123.23999619483948
16659,39.11999988555908
16665,135.4000015258789
16666,118.97999791800976
16667,203.34999680519104
16668,266.519996881485
16671,1692.2699480056763
16674,319.6099970638752
16679,129.75
16680,183.70000100135803
16681,1750.179988592863
16682,917.1400059461594
16685,324.2399956882
16688,1260.8599888682365
16692,1275.9999713897705
16693,157.55999875068665
16696,657.899983882904
16697,112.74999958276749
16698,1997.999963760376
16706,531.349994763732
16708,656.6299996376038
16709,1984.5899953842163
16710,1637.6399884223938
16711,598.7999801635742
16712,2017.0599829554558
16715,301.7200016975403
16718,623.7499923706055
16720,155.23999792337418
16721,292.4699990749359
16723,589.1499969959259
16726,795.1899912953377
16727,272.82000091671944
16728,549.999996766448
16732,603.7499960660934
16734,650.5099956989288
16737,417.60001373291016
16738,3.75
16744,1304.7599937021732
16748,910.2000064849854
16750,509.1899960041046
16751,1764.7199960052967
16752,207.4999976158142
16753,223.9199942946434
16754,2002.3999404907227
16756,239.39999890327454
16757,106.82999897003174
16758,369.33999741077423
16761,316.61999812722206
16762,1501.3799879550934
16765,34.0
16766,1145.5999994277954
16767,3048.2399681955576
16769,380.38999462127686
16771,1655.9499885737896
16773,171.58999717235565
16775,691.7999926805496
16776,388.279996663332
16777,226.34999781847
16778,93.1800012588501
16780,425.18999856710434
16784,107.5999984741211
16788,597.4799950122833
16789,80.80000066757202
16792,110.38000050187111
16793,243.84000062942505
16795,414.8799977898598
16796,305.6200006008148
16800,1201.4899912178516
16803,332.2999982535839
16804,118.05000054836273
16805,214.76999938488007
16806,801.4900033771992
16807,1121.5899923443794
16808,288.4200006723404
16811,547.0699973106384
16812,479.34999561309814
16813,1544.4399813115597
16816,325.449999332428
16820,497.6100021600723
16823,358.37999790906906
16824,460.6399986743927
16825,775.1799938678741
16826,341.6999989748001
16828,128.49999713897705
16829,197.21999564766884
16830,325.9099982082844
16832,199.1499981880188
16833,671.290001064539
16834,413.46000504493713
16835,81.74999809265137
16836,251.8699951171875
16846,214.31999841332436
16847,193.44000101089478
16848,281.4200029373169
16849,124.56999969482422
16850,332.40999805927277
16851,342.44999837875366
16852,144.90999960899353
16855,328.40000009536743
16856,35.40000057220459
16866,207.73999816179276
16872,680.0199694633484
16877,458.00999745726585
16880,1519.0799838602543
16881,432.0000171661377
16882,215.69999819993973
16883,128.02999997138977
16884,429.8399976193905
16885,190.6499971151352
16887,194.87999911606312
16889,1578.6699928939342
16891,232.25999876856804
16893,145.9299999475479
16895,219.1399981379509
16899,347.54999697208405
16902,1706.8799886107445
16903,373.23999759554863
16904,1288.169985562563
16906,579.7699929475784
16907,583.9999925792217
16910,1510.0599905103445
16913,113.44000107049942
16914,208.45999586582184
16915,382.3899980187416
16916,198.079998254776
16917,391.5199890136719
16919,2055.349971473217
16921,169.7899987101555
16926,230.2499976158142
16927,341.449991941452
16929,1295.3899817466736
16930,380.54999899864197
16931,1903.1099925488234
16932,161.9399989247322
16934,950.9300009012222
16936,262.6800003051758
16940,1868.3599863946438
16943,816.7299880981445
16945,1773.6800122857094
16947,406.47999715805054
16948,240.5399934053421
16950,171.99999618530273
16952,167.6099974513054
16953,20.799999237060547
16954,941.4799983501434
16957,416.6399916410446
16959,117.34999918937683
16960,201.52999937534332
16961,234.17000102996826
16963,110.5499997138977
16965,201.1899977326393
16967,319.02000233531
16968,439.42999652028084
16969,650.4099943637848
16976,251.51999282836914
16978,344.33000016212463
16980,1078.9599831104279
16982,384.0599980354309
16986,1873.1999588012695
16987,1393.1199865043163
16988,126.12000107765198
16989,1133.2499717473984
16990,178.99999618530273
16997,702.0000171661377
16999,484.819993019104
17001,1801.9399949908257
17004,1412.9399715065956
17006,781.7799923419952
17011,270.89999985694885
17015,1842.5599835515022
17018,405.0
17019,995.9299902021885
17022,70.99999833106995
17024,95.84999942779541
17025,160.9699947834015
17026,33.15000057220459
17029,715.9999847412109
17030,146.8699988424778
17031,380.3499937057495
17033,608.0999917984009
17038,112.39999771118164
17040,449.72999650239944
17042,922.8199946880341
17043,324.9699983596802
17045,339.4400015473366
17046,642.01999604702
17047,1100.8999943733215
17050,2660.5899780392647
17051,247.14000165462494
17052,413.74999979138374
17058,1179.8899877369404
17059,1510.6699866354465
17060,234.23999118804932
17064,461.29999566078186
17070,312.1399964094162
17073,1446.0899830460548
17076,334.1999967098236
17078,378.1999933421612
17079,118.79999542236328
17081,290.1599960029125
17082,636.9400038719177
17083,996.02001786232
17084,2949.7499721050262
17086,2050.079983353615
17088,1399.1099889278412
17092,633.0699961483479
17100,971.7399920225143
17101,1621.7299921512604
17102,25.5
17105,665.7799980044365
17110,163.2999987602234
17111,248.60999995470047
17117,116.2000002861023
17118,157.0199966430664
17120,307.45999693870544
17122,138.32000017166138
17123,345.2999997138977
17124,298.88999339938164
17125,259.35000017285347
17128,157.09000086784363
17131,2463.169995993376
17133,4137.690039396286
17134,424.99999737739563
17135,500.54999363422394
17138,380.49999713897705
17140,465.31999629735947
17142,579.0
17144,984.5699961185455
17146,563.8799965381622
17148,124.87999939918518
17153,213.77999663352966
17154,329.3399991989136
17155,251.70000505447388
17158,698.5499961972237
17160,3001.17997905612
17163,293.09999656677246
17165,158.6800000667572
17171,224.90999794006348
17174,59.90000009536743
17176,306.129997164011
17179,488.3099993765354
17181,155.51999759674072
17186,144.0000057220459
17187,203.94999805092812
17189,227.2199985384941
17191,1175.6999980509281
17194,262.62000185251236
17197,1013.0099925994873
17198,521.6599982082844
17201,342.6300031542778
17203,3563.849964439869
17205,384.0799995660782
17206,204.23999977111816
17212,226.84999734163284
17217,113.49999755620956
17218,948.579994648695
17219,114.22999888658524
17220,1464.779990464449
17221,335.1299942098558
17222,354.1500004529953
17223,426.7899984717369
17226,393.48999989032745
17227,366.149993121624
17228,687.579991132021
17229,318.75999146699905
17232,421.5199934244156
17233,190.87999963760376
17234,149.8899985551834
17235,341.8999960422516
17236,563.8199996948242
17237,314.68999457359314
17238,1363.5999938100576
17242,1135.040006428957
17244,954.8999918103218
17245,171.44999742507935
17247,282.1899980008602
17248,318.6499943137169
17250,162.64999985694885
17251,283.27999925613403
17252,353.85999804735184
17253,178.2599967122078
17254,272.4399984367192
17255,112.45999872684479
17256,127.9000004529953
17259,381.63999566435814
17262,955.3600190877914
17263,63.43999981880188
17265,562.8999944329262
17266,310.63999634981155
17267,317.6199981570244
17268,763.6399917602539
17274,111.97999811172485
17277,1065.3499900102615
17278,246.03999891877174
17279,187.82999861240387
17282,1703.40996748209
17286,153.9199998676777
17287,500.3400037288666
17288,663.6999921798706
17290,525.2399973869324
17291,550.8000068664551
17293,469.350000500679
17295,556.9499979913235
17297,131.77999931573868
17298,498.4199920296669
17299,669.1099913418293
17301,197.6299975514412
17303,250.04000043869019
17309,82.74999964237213
17311,556.4599958658218
17312,644.2999904155731
17320,910.0999858379364
17321,700.8599945902824
17324,702.2300147116184
17325,96.79999923706055
17329,243.35999631881714
17330,363.89999198913574
17331,175.1999969482422
17333,494.24998927116394
17339,60.0
17341,513.5999986231327
17343,193.63999885320663
17344,160.5699991285801
17345,284.13000094890594
17347,228.95998764038086
17348,160.1499978750944
17349,110.75000044703484
17351,427.29999524354935
17353,1740.000057220459
17354,1393.0600115060806
17356,178.21999943256378
17357,388.13999792933464
17358,365.84999895095825
17359,127.85999765992165
17360,585.7899943292141
17361,263.91999796032906
17362,312.22999891638756
17365,2371.0099724531174
17367,168.40000119805336
17370,446.1799970269203
17371,97.62999868392944
17372,874.0599992275238
17373,287.2999985218048
17374,495.7699899673462
17376,105.84999990463257
17379,404.65999215841293
17382,65.39999771118164
17383,199.28999826312065
17384,227.64999294281006
17385,261.1100005507469
17386,2686.420004963875
17387,784.1099972128868
17388,953.0299599170685
17391,508.7999725341797
17392,457.90999299287796
17394,203.87000584602356
17396,397.5
17397,696.4099971652031
17398,653.3799932003021
17400,1312.5199919342995
17402,784.370003670454
17403,281.61999785900116
17408,32.64999961853027
17409,771.8499979972839
17410,978.3799960613251
17412,709.819994032383
17414,777.999986410141
17415,507.8400025367737
17418,167.3900008201599
17420,130.85000157356262
17425,759.1699954271317
17427,100.79999923706055
17430,112.5999984741211
17431,403.30000281333923
17432,365.7599989771843
17433,303.1599985361099
17436,122.39999771118164
17446,120.90000200271606
17447,541.530001282692
17453,486.7199932336807
17454,517.5299921929836
17455,131.6999990940094
17456,249.86000299453735
17457,1397.6399796009064
17458,316.5000013113022
17459,657.2999949157238
17461,757.4599895626307
17464,289.95999366045
17466,763.2799960374832
17468,137.00000047683716
17470,623.1099947690964
17472,710.2899982333183
17475,194.36999997496605
17483,414.03999677300453
17486,396.8699985742569
17489,376.63999688625336
17492,374.57000207901
17495,497.55999779701233
17496,271.0499997138977
17498,272.2199966907501
17499,622.8799957931042
17500,1138.0
17501,288.5999984741211
17502,689.0999999046326
17503,558.9599952399731
17505,1145.8399933576584
17507,605.5799966454506
17510,308.4800001382828
17513,513.2000017166138
17514,208.64999869465828
17515,571.3699946403503
17516,608.8500034213066
17517,153.9400006532669
17520,546.8099967241287
17522,912.24999833107
17523,652.7400076687336
17524,144.99999725818634
17525,422.6999969482422
17530,1367.8599925041199
17534,223.35999551415443
17535,164.40000104904175
17536,76.5
17537,630.6999965310097
17538,98.4200005531311
17542,170.74999878555536
17545,645.9599945060909
17549,148.85999822616577
17550,267.15999776124954
17551,306.8399986922741
17553,1487.5999908447266
17554,1952.44998306036
17555,195.44999784231186
17556,157.89999976754189
17557,541.459991902113
17561,167.6199977695942
17564,454.00999319553375
17566,901.2099923491478
17569,344.13999938964844
17571,561.2000024542212
17572,152.20000219345093
17574,185.64999556541443
17580,215.7199974656105
17582,175.2699989080429
17585,813.5199957937002
17588,1240.1999957561493
17589,1843.0699897110462
17590,1479.219996124506
17594,993.1799869537354
17595,388.78999930620193
17596,1288.8599802404642
17597,2044.3699896633625
17600,161.66999665647745
17601,116.00999909639359
17604,309.35999831557274
17608,193.41999852657318
17614,390.06999641656876
17615,329.5999987125397
17616,407.99999237060547
17618,666.780000269413
17619,218.5199990272522
17620,81.44000101089478
17623,527.0499982833862
17624,400.2999958693981
17625,1234.7799984961748
17628,75.74999952316284
17630,503.59999561309814
17631,416.49999737739563
17634,1814.6699707508087
17637,547.0599955320358
17639,108.49999922513962
17640,621.6599946022034
17642,712.2899907529354
17643,101.54999876022339
17647,133.05999851226807
17650,166.07999861240387
17654,117.54999923706055
17656,1674.6899764537811
17660,196.000000923872
17664,326.189996778965
17666,728.1599929332733
17668,347.7499966621399
17669,3194.719927549362
17670,205.6999979019165
17674,300.6599901020527
17678,298.1099994778633
17679,1992.1099798679352
17680,184.40000081062317
17684,239.40999841690063
17685,1512.7200026512146
17686,3036.749969601631
17691,290.3999981880188
17694,283.11999702453613
17695,765.3399913012981
17697,338.9499936103821
17698,154.9500002861023
17701,417.9499988555908
17703,798.7400070428848
17704,885.1899950504303
17707,152.40000343322754
17708,267.079998254776
17709,137.4500002861023
17711,220.5299997329712
17712,522.9099997282028
17714,153.0
17715,326.40000915527344
17718,139.3499994277954
17720,532.3800020217896
17723,3276.400068759918
17732,303.9700002670288
17733,216.94999814033508
17734,540.2099976539612
17735,5019.009952485561
17737,168.24000120162964
17742,302.57000207901
17749,674.5199950933456
17750,1797.5699624419212
17752,80.6399974822998
17758,2122.2299686670303
17759,834.9899944812059
17760,172.54000043869019
17761,712.779999256134
17763,15.0
17764,818.8199950605631
17765,371.8799966573715
17767,271.1999971270561
17768,2273.1799622774124
17770,1143.269996702671
17771,115.79999801516533
17772,182.76999843120575
17775,56.40000057220459
17777,665.8599965572357
17781,188.0200001001358
17783,283.4699956178665
17785,131.93999874591827
17786,114.84999939799309
17787,1716.1699905395508
17788,1117.9000101089478
17789,225.90000128746033
17790,897.0100049376488
17791,106.09999823570251
17793,323.03999757766724
17795,350.3899957537651
17796,621.9999911189079
17797,780.4299931824207
17800,595.4999947547913
17805,512.3099963665009
17806,546.0399960279465
17812,217.55000019073486
17816,21.310000211000443
17817,269.699999332428
17824,298.3999979496002
17827,1583.8099974393845
17830,287.64999771118164
17831,35.40000057220459
17832,155.3699971884489
17835,350.6399922966957
17836,110.20999929308891
17839,338.79999604821205
17843,205.4799965620041
17846,2033.0999755859375
17848,388.36999839544296
17849,605.8000010848045
17852,114.34000039100647
17854,311.2599995136261
17855,208.96999835968018
17858,2619.800037443638
17859,148.20999611914158
17860,252.79999840259552
17862,330.8999991416931
17863,1371.8999894857407
17864,208.409997433424
17869,310.9600003361702
17871,155.90000027418137
17877,237.60999703407288
17878,379.4499976634979
17879,178.5199967622757
17880,458.9199974536896
17881,133.35000038146973
17883,197.79999816417694
17884,602.8400000035763
17885,190.18999764323235
17886,396.25999692082405
17887,111.35000097751617
17889,203.86999782919884
17890,602.0899972915649
17891,203.8599969148636
17892,244.09999781847
17893,112.24999698996544
17894,867.849988847971
17895,97.99999940395355
17896,256.31999588012695
17898,152.05999705195427
17899,155.7999995648861
17901,110.38000017404556
17905,394.1499938964844
17906,72.90000122785568
17908,243.27999767661095
17911,366.23000133037567
17913,218.04999867081642
17914,336.4299950301647
17917,230.45999917387962
17919,1304.0400023460388
17920,1573.589994341135
17921,601.7599962055683
17923,207.50000476837158
17925,244.0800075531006
17926,397.28999480605125
17928,78.26000022888184
17930,1313.6400013566017
17931,408.35999152064323
17932,934.509995341301
17934,704.2500004768372
17935,145.78999841213226
17936,389.8399983048439
17937,3327.4800102710724
17939,99.13999772071838
17941,304.5599956512451
17942,77.4999965429306
17946,149.58000218868256
17947,176.67999875545502
17948,358.560001373291
17955,557.3000038862228
17956,12.75
17957,111.67999755218625
17958,508.45999336242676
17960,73.77999991178513
17961,874.3899962902069
17962,102.8299983292818
17964,261.7599947154522
17965,1330.0299946963787
17966,594.4299865961075
17967,123.06999880075455
17968,277.3500015437603
17969,125.19999861717224
17970,582.5899967551231
17972,136.03999769687653
17973,337.0399960279465
17974,308.3199971318245
17976,353.1899948120117
17977,288.14000004529953
17978,300.9200063943863
17980,562.7499961256981
17984,152.67999893426895
17985,634.949990272522
17986,20.799999237060547
17987,198.5700003504753
17990,630.8399956822395
17991,93.35000109672546
17995,76.099998742342
17999,190.33999946713448
18001,417.22999680042267
18004,169.4699993133545
18005,249.71999913454056
18006,444.67999744415283
18008,2065.4100046753883
18010,174.7999985218048
18011,102.79000008106232
18013,187.28999763727188
18014,166.41999888420105
18015,120.02999956905842
18016,488.7599939107895
18017,343.99999380111694
18018,122.14000007510185
18019,38.44999885559082
18022,668.1099933944643
18027,115.3099981546402
18032,73.49999856948853
18033,97.9699995815754
18034,422.87999391555786
18035,730.4000064134598
18036,254.5399952828884
18037,60.82000043988228
18040,238.99999904632568
18042,165.0499962568283
18043,451.8099974989891
18045,189.39999881386757
18048,172.28999656438828
18050,74.40000081062317
18056,363.6500036716461
18058,170.15999674797058
18061,1190.619970202446
18062,720.5199925899506
18064,813.9999842643738
18066,317.9999997615814
18067,396.32999897003174
18068,101.70000457763672
18071,452.9999988079071
18074,489.5999960899353
18077,879.3799934089184
18078,336.12999534606934
18079,2206.179999321699
18080,841.4999842643738
18081,343.45000141859055
18082,703.3699947297573
18085,689.9499893188477
18086,101.339998960495
18088,167.6700001358986
18094,2402.2999874949455
18095,580.0499968528748
18096,911.1499914526939
18099,168.3099958896637
18101,223.64999747276306
18104,754.6399984359741
18105,113.48000061511993
18106,430.69999599456787
18112,352.6899995803833
18113,76.31999588012695
18114,220.099999666214
18116,1254.4699896872044
18117,320.7199950516224
18119,181.1199969649315
18120,111.14999878406525
18121,673.0999999046326
18122,1826.2099930346012
18123,589.4400012493134
18126,206.8300000578165
18127,348.7299993634224
18129,112.55000066757202
18135,681.9099996089935
18138,152.64999866485596
18143,1000.1599950790405
18144,1605.6500215530396
18145,1023.7799952924252
18146,160.35000228881836
18147,179.33999821543694
18149,549.6800064444542
18150,566.5800025463104
18151,653.3499960899353
18154,399.19000482559204
18156,206.2299980521202
18159,530.1500005722046
18160,638.059996843338
18165,302.4599906206131
18169,202.65000200271606
18170,655.509991645813
18173,1728.8400058746338
18174,103.99999618530273
18179,1103.1599884331226
18180,1843.7499831914902
18181,382.7999964952469
18184,49.79999899864197
18185,304.25000190734863
18191,207.8000030517578
18192,957.9699862003326
18196,450.7799980342388
18200,163.79999938607216
18202,1396.9900047779083
18203,160.41999793052673
18205,517.3599965572357
18209,139.09999799728394
18210,142.39999961853027
18211,268.699999332428
18212,248.41999834775925
18213,232.47999918460846
18215,299.33999967575073
18216,481.74999952316284
18217,621.7499975562096
18222,442.9999978840351
18224,158.94999980926514
18227,93.75
18229,2858.700002193451
18233,440.0
18235,1796.4799896478653
18236,773.7399954497814
18237,987.100001335144
18239,1561.6100009679794
18240,422.57998448610306
18242,2232.489993572235
18246,232.90000677108765
18249,95.33999955654144
18251,4314.719962120056
18252,526.6699974238873
18255,103.29999947547913
18259,376.2999978065491
18261,324.2400007247925
18262,149.48000037670135
18265,801.5099902749062
18273,152.99999713897705
18278,173.89999723434448
18280,180.5999994277954
18281,80.82000052928925
18283,842.5799959897995
18287,1837.2799991369247
